Stock,Industry
VIC,BDS
VHM,BDS
NVL,BDS
VRE,BDS
PDR,BDS
KDH,BDS
REE,BDS
KBC,BDS
DXG,BDS
NLG,BDS
FLC,BDS
DIG,BDS
ITA,BDS
HDG,BDS
SJS,BDS
HAG,BDS
IJC,BDS
SCR,BDS
HDC,BDS
NBB,BDS
CEO,BDS
QCG,BDS
TDC,BDS
HQC,BDS
LHG,BDS
OGC,BDS
NTL,BDS
LCG,BDS
D2D,BDS
NDN,BDS
TIG,BDS
IDV,BDS
SGR,BDS
ITC,BDS
SHN,BDS
IDJ,BDS
DLG,BDS
SZL,BDS
NVT,BDS
IDI,BDS
TDH,BDS
NHA,BDS
VCR,BDS
DRH,BDS
VPH,BDS
UIC,BDS
SC5,BDS
LGL,BDS
LEC,BDS
SDU,BDS
KAC,BDS
UDC,BDS
RCL,BDS
PVL,BDS
PFL,BDS
DTA,BDS
D11,BDS
TKC,BDS
VNI,BDS
DLR,BDS
PPI,BDS
NTB,BDS
RCD,BDS
CLG,BDS
HNG,CaoSu
PHR,CaoSu
DRC,CaoSu
DPR,CaoSu
HRC,CaoSu
CSM,CaoSu
BRR,CaoSu
TRC,CaoSu
RTB,CaoSu
DRI,CaoSu
VRG,CaoSu
TNC,CaoSu
SRC,CaoSu
VHG,CaoSu
BRC,CaoSu
RBC,CaoSu
RCD,CaoSu
CDR,CaoSu
SSI,Stock
VCI,Stock
HCM,Stock
KLB,Stock
VND,Stock
SHS,Stock
AGR,Stock
MBS,Stock
FTS,Stock
VIX,Stock
BSI,Stock
CTS,Stock
VDS,Stock
TVS,Stock
BVS,Stock
SBS,Stock
ORS,Stock
TVB,Stock
IVS,Stock
PSI,Stock
APS,Stock
WSS,Stock
APG,Stock
HBS,Stock
HAC,Stock
VIG,Stock
FPT,Tech
FOX,Tech
CMG,Tech
SAM,Tech
SGT,Tech
ELC,Tech
VEC,Tech
TTN,Tech
ST8,Tech
CNC,Tech
POT,Tech
ABC,Tech
ITD,Tech
UNI,Tech
CNN,Tech
SRA,Tech
SVT,Tech
CMT,Tech
HPT,Tech
ADC,Tech
KST,Tech
IFC,Tech
VTC,Tech
CKV,Tech
ONE,Tech
SMT,Tech
TST,Tech
SRB,Tech
TTZ,Tech
VLA,Tech
VIE,Tech
VAT,Tech
LTC,Tech
VEF,Service
PAN,Service
OCH,Service
VNG,Service
DL1,Service
HAX,Service
SKG,Service
BTV,Service
DSN,Service
SGH,Service
TCT,Service
DLD,Service
HOT,Service
HES,Service
VTG,Service
MVY,Service
BRS,Service
PDC,Service
VIR,Service
CMS,Service
VCM,Service
MTC,Service
BSC,Service
CTC,Service
DLT,Service
DXL,Service
CPH,Service
BWE,DVCong
VCW,DVCong
TDM,DVCong
DNW,DVCong
SWC,DVCong
HPW,DVCong
TTD,DVCong
KHW,DVCong
PWS,DVCong
CMW,DVCong
TNW,DVCong
UPC,DVCong
MPY,DVCong
PYU,DVCong
QNU,DVCong
BMD,DVCong
DHG,Medical
DGC,Medical
IMP,Medical
DVN,Medical
TRA,Medical
DCL,Medical
VFG,Medical
DMC,Medical
OPC,Medical
CSV,Medical
DP3,Medical
DHT,Medical
AMV,Medical
HAI,Medical
PMC,Medical
NDC,Medical
VMD,Medical
JVC,Medical
VPS,Medical
BCP,Medical
NDP,Medical
DBT,Medical
LDP,Medical
DHD,Medical
UPH,Medical
DDN,Medical
DNM,Medical
MKV,Medical
DP2,Medical
AMP,Medical
PPP,Medical
HDP,Medical
CEC,Medical
DBM,Medical
CPC,Medical
MTP,Medical
DTG,Medical
DPP,Medical
TW3,Medical
DCI,Medical
DBD,Edu
VNB,Edu
EID,Edu
SED,Edu
DST,Edu
PNC,Edu
STC,Edu
EBS,Edu
DAD,Edu
BED,Edu
ECI,Edu
ALT,Edu
SMN,Edu
QST,Edu
SGD,Edu
EFI,Edu
HTP,Edu
DAE,Edu
ILC,Edu
LBE,Edu
TPH,Edu
BST,Edu
HBE,Edu
HEV,Edu
BDB,Edu
SAP,Edu
ACV,Aviation
VJC,Aviation
HVN,Aviation
SAS,Aviation
SGN,Aviation
NCT,Aviation
NCS,Aviation
MAS,Aviation
NAS,Aviation
ARM,Aviation
IHK,Aviation
MSR,Mineral
SQC,Mineral
KSV,Mineral
MVB,Mineral
KSB,Mineral
AMD,Mineral
MTA,Mineral
LBM,Mineral
HGM,Mineral
TVD,Mineral
NBC,Mineral
DHM,Mineral
FCM,Mineral
CCM,Mineral
TDN,Mineral
THT,Mineral
BMC,Mineral
MDC,Mineral
TC6,Mineral
KSH,Mineral
ACM,Mineral
YBC,Mineral
KSQ,Mineral
KHB,Mineral
MTM,Mineral
BMJ,Mineral
KTB,Mineral
KCB,Mineral
LCM,Mineral
AMC,Mineral
BKC,Mineral
MIC,Mineral
VBG,Mineral
HPM,Mineral
KHD,Mineral
CMI,Mineral
MIM,Mineral
KSK,Mineral
ALV,Mineral
KHL,Mineral
VMI,Mineral
POW,Energy
SHP,Energy
DNH,Energy
HND,Energy
DTK,Energy
PPC,Energy
QTP,Energy
NT2,Energy
VSH,Energy
TMP,Energy
CHP,Energy
PGD,Energy
TBC,Energy
VPD,Energy
ND2,Energy
SEB,Energy
GHC,Energy
SJD,Energy
S4A,Energy
BTP,Energy
SBA,Energy
PGS,Energy
PGC,Energy
ISH,Energy
HJS,Energy
CNG,Energy
DRL,Energy
EIC,Energy
QPH,Energy
KHP,Energy
PVG,Energy
PIC,Energy
GSM,Energy
TDB,Energy
NBP,Energy
HPD,Energy
PPS,Energy
SP2,Energy
PCG,Energy
CJC,Energy
UEM,Energy
EAD,Energy
PPE,Energy
PEC,Energy
VCB,Bank
CTG,Bank
BID,Bank
TCB,Bank
VPB,Bank
MBB,Bank
ACB,Bank
VIB,Bank
STB,Bank
SHB,Bank
HDB,Bank
TPB,Bank
EIB,Bank
LPB,Bank
BAB,Bank
ABB,Bank
NVB,Bank
VBB,Bank
NAB,Bank
VNR,Insurrance
PVI,Insurrance
BVH,Insurrance
BMI,Insurrance
BIC,Insurrance
MIG,Insurrance
PTI,Insurrance
ABI,Insurrance
PGI,Insurrance
BLI,Insurrance
HPG,Steel
HSG,Steel
TVN,Steel
NKG,Steel
POM,Steel
SMC,Steel
DTL,Steel
TIS,Steel
TLH,Steel
VIS,Steel
VGS,Steel
TTS,Steel
DNS,Steel
HMC,Steel
VCA,Steel
TDS,Steel
TNB,Steel
TNS,Steel
KKC,Steel
KMT,Steel
DNY,Steel
BVG,Steel
VDT,Steel
SSM,Steel
HLA,Steel
VES,Steel
GAS,Oil
PLX,Oil
BSR,Oil
PVS,Oil
PVD,Oil
PVI,Oil
PVT,Oil
PLC,Oil
PET,Oil
PGS,Oil
PVX,Oil
PXL,Oil
POS,Oil
PVC,Oil
PTL,Oil
PXS,Oil
PVB,Oil
ASP,Oil
PFL,Oil
PPS,Oil
PCT,Oil
PVR,Oil
PXI,Oil
PDC,Oil
PVE,Oil
PXT,Oil
PSG,Oil
APP,Oil
PXA,Oil
PPE,Oil
PVA,Oil
PXM,Oil
NTP,Plastic
BMP,Plastic
AAA,Plastic
DNP,Plastic
SVI,Plastic
HII,Plastic
INN,Plastic
RDP,Plastic
MCP,Plastic
DAG,Plastic
VNP,Plastic
TPP,Plastic
TPC,Plastic
VKC,Plastic
HKP,Plastic
VBC,Plastic
SPA,Plastic
DTT,Plastic
HNP,Plastic
BBS,Plastic
BXH,Plastic
HPB,Plastic
NSG,Plastic
PMP,Plastic
PBP,Plastic
BPC,Plastic
HBD,Plastic
DPC,Plastic
SPP,Plastic
BTG,Plastic
VKP,Plastic
DGC,Fertilizer
DCM,Fertilizer
DPM,Fertilizer
TSC,Fertilizer
DHB,Fertilizer
LAS,Fertilizer
BFC,Fertilizer
SFG,Fertilizer
VAF,Fertilizer
NFC,Fertilizer
PSW,Fertilizer
PCE,Fertilizer
PSE,Fertilizer
PMB,Fertilizer
HSI,Fertilizer
VGT,Manufacturing
DHC,Manufacturing
TCM,Manufacturing
TLG,Manufacturing
SAM,Manufacturing
SHI,Manufacturing
RAL,Manufacturing
VGG,Manufacturing
LIX,Manufacturing
TNG,Manufacturing
PAC,Manufacturing
NET,Manufacturing
TTF,Manufacturing
NSC,Manufacturing
GMC,Manufacturing
TIX,Manufacturing
GDT,Manufacturing
GVT,Manufacturing
HAP,Manufacturing
SSC,Manufacturing
DQC,Manufacturing
TVT,Manufacturing
EVE,Manufacturing
KMR,Manufacturing
CTB,Manufacturing
SAV,Manufacturing
VID,Manufacturing
QHD,Manufacturing
GTD,Manufacturing
HDM,Manufacturing
TET,Manufacturing
GTA,Manufacturing
VTB,Manufacturing
PV2,Manufacturing
HDA,Manufacturing
NAG,Manufacturing
DCS,Manufacturing
SFN,Manufacturing
TSB,Manufacturing
SDN,Manufacturing
KSD,Manufacturing
G20,Manufacturing
MHL,Manufacturing
DZM,Manufacturing
VBH,Manufacturing
SSF,Manufacturing
VTI,Manufacturing
VNM,Food
MSN,Food
SAB,Food
MCH,Food
QNS,Food
KDC,Food
BHN,Food
SBT,Food
VCF,Food
DBC,Food
GTN,Food
VOC,Food
FMC,Food
VSN,Food
TAC,Food
IFS,Food
HHC,Food
NAF,Food
SLS,Food
SMB,Food
BSQ,Food
CMF,Food
BBC,Food
CLC,Food
LSS,Food
WSB,Food
HNF,Food
AFX,Food
SAF,Food
BSL,Food
SGC,Food
VDL,Food
CMN,Food
CAP,Food
LAF,Food
CAN,Food
SCD,Food
HNM,Food
FCS,Food
THB,Food
BSD,Food
BLT,Food
MCF,Food
NST,Food
HAD,Food
KTS,Food
FCC,Food
HAT,Food
IFC,Food
VTL,Food
ANT,Food
BTB,Food
HKB,Food
NDF,Food
VLF,Food
MWG,Trade
PNJ,Trade
DGW,Trade
HDC,Trade
SVC,Trade
SMC,Trade
GIL,Trade
PET,Trade
SID,Trade
BTT,Trade
TAG,Trade
HTG,Trade
TNA,Trade
VHG,Trade
HTC,Trade
KHA,Trade
HLG,Trade
CCI,Trade
SMA,Trade
CMV,Trade
TMC,Trade
ARM,Trade
PIT,Trade
CMS,Trade
TH1,Trade
CKV,Trade
HTT,Trade
MPC,Seafood
VHC,Seafood
ANV,Seafood
SEA,Seafood
FMC,Seafood
DAT,Seafood
ACL,Seafood
HVG,Seafood
CMX,Seafood
SJ1,Seafood
ABT,Seafood
SSN,Seafood
SPH,Seafood
AAM,Seafood
SPD,Seafood
AGF,Seafood
SNC,Seafood
TS4,Seafood
ICF,Seafood
BLF,Seafood
VNH,Seafood
AVF,Seafood
SCO,Seafood
ATA,Seafood
NGC,Seafood
CAD,Seafood
GMD,Transportation
PHP,Transportation
PVT,Transportation
SGP,Transportation
TMS,Transportation
VSC,Transportation
CDN,Transportation
DVP,Transportation
PDN,Transportation
HAH,Transportation
PVP,Transportation
TCL,Transportation
CLL,Transportation
DL1,Transportation
VNT,Transportation
VTO,Transportation
VNS,Transportation
TCW,Transportation
BSG,Transportation
MHC,Transportation
VOS,Transportation
SFI,Transportation
VIP,Transportation
VFC,Transportation
WCS,Transportation
GSP,Transportation
DXP,Transportation
HTC,Transportation
PSN,Transportation
IST,Transportation
HRT,Transportation
CCR,Transportation
CCT,Transportation
VGP,Transportation
VTV,Transportation
CMP,Transportation
TCO,Transportation
QSP,Transportation
NAP,Transportation
PJT,Transportation
HTV,Transportation
PSP,Transportation
VNL,Transportation
VNA,Transportation
PCT,Transportation
HHG,Transportation
PJC,Transportation
DVC,Transportation
VNF,Transportation
PSC,Transportation
DNL,Transportation
MAC,Transportation
TJC,Transportation
VST,Transportation
VFR,Transportation
TNP,Transportation
PTS,Transportation
SAC,Transportation
PGT,Transportation
QTC,Transportation
VSP,Transportation
HCT,Transportation
GTT,Transportation
DDM,Transportation
STT,Transportation
VSG,Transportation
CCP,Transportation
SSG,Transportation
HDO,Transportation
PRC,Transportation
VCS,ConsMaterial
VGC,ConsMaterial
HT1,ConsMaterial
CVT,ConsMaterial
BCC,ConsMaterial
CTI,ConsMaterial
BTS,ConsMaterial
MVC,ConsMaterial
DHA,ConsMaterial
VHL,ConsMaterial
NNC,ConsMaterial
DC4,ConsMaterial
HOM,ConsMaterial
VTV,ConsMaterial
SCL,ConsMaterial
VIT,ConsMaterial
QNC,ConsMaterial
CCM,ConsMaterial
CLH,ConsMaterial
ACC,ConsMaterial
BTD,ConsMaterial
PX1,ConsMaterial
GMX,ConsMaterial
VCX,ConsMaterial
HVX,ConsMaterial
CQT,ConsMaterial
NAV,ConsMaterial
SCJ,ConsMaterial
DTC,ConsMaterial
NHC,ConsMaterial
YBC,ConsMaterial
ACE,ConsMaterial
TLT,ConsMaterial
TMX,ConsMaterial
BBS,ConsMaterial
MCC,ConsMaterial
HCC,ConsMaterial
TTC,ConsMaterial
VTA,ConsMaterial
SDN,ConsMaterial
DIC,ConsMaterial
DXV,ConsMaterial
TCR,ConsMaterial
DCT,ConsMaterial
TXM,ConsMaterial
BHT,ConsMaterial
TBX,ConsMaterial
PTE,ConsMaterial
VXB,ConsMaterial
KCE,ConsMaterial
LCC,ConsMaterial
VTS,ConsMaterial
BHC,ConsMaterial
SDY,ConsMaterial
SCC,ConsMaterial
HLY,ConsMaterial
DAC,ConsMaterial
CYC,ConsMaterial
VCG,Construction
DXG,Construction
DIG,Construction
CTD,Construction
ROS,Construction
HBC,Construction
VCP,Construction
CC1,Construction
VLB,Construction
TV2,Construction
HAN,Construction
VC3,Construction
THG,Construction
LIC,Construction
CTX,Construction
VNE,Construction
ICN,Construction
HC3,Construction
MST,Construction
C32,Construction
VC7,Construction
SC5,Construction
HU4,Construction
TV1,Construction
VC2,Construction
SDU,Construction
LAI,Construction
C47,Construction
PTC,Construction
ICG,Construction
VC1,Construction
ICC,Construction
TKC,Construction
VC9,Construction
HU3,Construction
KDM,Construction
VE9,Construction
CEG,Construction
RCD,Construction
C92,Construction
FIT,Investment
SAM,Investment
DVP,Investment
HHS,Investment
ND2,Investment
HLD,Investment
SEB,Investment
IDI,Investment
VCR,Investment
CCL,Investment
TCD,Investment
FDC,Investment
BII,Investment
LGL,Investment
SJF,Investment
EID,Investment
KSH,Investment
SED,Investment
FTM,Investment
DAD,Investment
FID,Investment
CLG,Investment
VLA,Investment
VPC,Investment
LGC,ConsInvestment
CII,ConsInvestment
ASM,ConsInvestment
VCP,ConsInvestment
HUT,ConsInvestment
RGC,ConsInvestment
THG,ConsInvestment
CSC,ConsInvestment
PXL,ConsInvestment
L18,ConsInvestment
CTX,ConsInvestment
CEE,ConsInvestment
CCL,ConsInvestment
VNE,ConsInvestment
LHC,ConsInvestment
ICN,ConsInvestment
HTI,ConsInvestment
C32,ConsInvestment
BCE,ConsInvestment
VSI,ConsInvestment
DND,ConsInvestment
HU4,ConsInvestment
SDU,ConsInvestment
LAI,ConsInvestment
PTC,ConsInvestment
HU1,ConsInvestment
PVV,ConsInvestment
HU3,ConsInvestment
CT3,ConsInvestment
LUT,ConsInvestment
VE9,ConsInvestment
BHT,ConsInvestment
NTB,ConsInvestment
VHH,ConsInvestment
MCI,ConsInvestment
TTZ,ConsInvestment
VES,ConsInvestment
CI5,ConsInvestment
ICI,ConsInvestment
QCC,ConsInvestment
TVG,ConsInvestment
SDX,ConsInvestment
I10,ConsInvestment