Stock,Floor
IPA,UPCOM
NHC,HNX
SAM,HOSE
KDC,HOSE
CII,HOSE
HDB,HOSE
RDP,HOSE
FMC,HOSE
VNR,HNX
CSM,HOSE
KHA,UPCOM
TBC,HOSE
BMP,HOSE
CMX,HOSE
VTL,HNX
VDP,HOSE
TCB,HOSE
NBW,HNX
SGB,UPCOM
VTS,HNX
DBW,UPCOM
VCG,HNX
TXM,HNX
PET,HOSE
DPR,HOSE
LBE,HNX
ICF,UPCOM
MEC,UPCOM
VC1,HNX
SD6,HNX
SDY,UPCOM
GMC,HOSE
VGP,HNX
VBH,UPCOM
PJT,HOSE
VTB,HOSE
VNL,HOSE
VHF,UPCOM
VIC,HOSE
HKC,UPCOM
TSC,HOSE
VGG,UPCOM
DST,HNX
HSM,UPCOM
TJC,HNX
NTL,HOSE
NNT,UPCOM
VC7,HNX
NAB,UPCOM
BAB,UPCOM
HVG,UPCOM
CTC,HNX
HSG,HOSE
SD8,UPCOM
MTC,UPCOM
ACC,HOSE
OIL,UPCOM
HAC,UPCOM
SHP,HOSE
PRO,UPCOM
TNM,UPCOM
PMC,HNX
V12,HNX
LIX,HOSE
SHN,HNX
V15,UPCOM
DXG,HOSE
TPB,HOSE
TCL,HOSE
TDC,HOSE
TVG,UPCOM
KDH,HOSE
PSB,UPCOM
VQC,UPCOM
LHG,HOSE
STS,UPCOM
CCI,HOSE
PVL,HNX
CHP,HOSE
PTT,UPCOM
DNY,UPCOM
PXT,HOSE
DTL,HOSE
BCE,HOSE
ND2,UPCOM
VRC,HOSE
TMB,HNX
HPP,UPCOM
BVG,UPCOM
CTR,UPCOM
NDN,HNX
TPS,UPCOM
C32,HOSE
QCC,UPCOM
ELC,HOSE
FIT,HOSE
HTI,HOSE
HUG,UPCOM
HTL,HOSE
PPS,HNX
MCF,HNX
VIE,HNX
MIE,UPCOM
AMC,HNX
ASA,UPCOM
GSP,HOSE
GAS,HOSE
PID,UPCOM
SPI,HNX
LPB,HOSE
VFS,UPCOM
UEM,UPCOM
AFX,UPCOM
LEC,HOSE
MCH,UPCOM
PVY,UPCOM
NCS,UPCOM
VMS,HNX
NAS,UPCOM
PNT,UPCOM
DC1,UPCOM
NAC,UPCOM
GTN,HOSE
VLC,UPCOM
VCP,UPCOM
TEC,UPCOM
AVC,UPCOM
PVP,UPCOM
PVM,UPCOM
NCT,HOSE
G20,UPCOM
NNG,UPCOM
HKB,HNX
DDV,UPCOM
BCP,UPCOM
BRS,UPCOM
CKH,UPCOM
PHP,HNX
CCR,UPCOM
TRS,UPCOM
MSR,UPCOM
PMB,HNX
LQN,UPCOM
QTP,UPCOM
DBH,UPCOM
DFC,UPCOM
PCC,UPCOM
USC,UPCOM
APL,UPCOM
DAH,HOSE
UCT,UPCOM
HLR,UPCOM
HTU,UPCOM
SZE,UPCOM
IST,UPCOM
VPR,UPCOM
CMD,UPCOM
RTH,UPCOM
HTR,UPCOM
TRT,UPCOM
CEG,UPCOM
ABR,UPCOM
TTJ,UPCOM
BMD,UPCOM
CVH,UPCOM
HLS,UPCOM
EME,UPCOM
TOT,UPCOM
DS3,HNX
LBC,UPCOM
MQB,UPCOM
PBK,UPCOM
PLA,UPCOM
DCH,UPCOM
SON,UPCOM
PMG,HOSE
BSA,UPCOM
DM7,UPCOM
VHI,UPCOM
CRE,HOSE
TKA,UPCOM
FIR,HOSE
XDH,UPCOM
BCB,UPCOM
NSS,UPCOM
BNW,UPCOM
DTB,UPCOM
PQN,UPCOM
MHY,UPCOM
EBA,HNX
BNA,HNX
CAM,UPCOM
THP,UPCOM
HGA,UPCOM
PMS,HNX
DAC,UPCOM
BBT,UPCOM
DXP,HNX
HAN,UPCOM
SMC,HOSE
NAV,HOSE
PVI,HNX
BBH,UPCOM
LLM,UPCOM
NTP,HNX
ABT,HOSE
RAL,HOSE
LSS,HOSE
VSG,UPCOM
HIG,UPCOM
DNA,UPCOM
VTC,HNX
EIB,HOSE
IMP,HOSE
DVN,UPCOM
DP2,UPCOM
HVN,HOSE
VSF,UPCOM
CTB,HNX
ICN,UPCOM
TC6,HNX
UDC,HOSE
TIX,HOSE
HLB,UPCOM
VTG,UPCOM
HMC,HOSE
BRC,HOSE
TRA,HOSE
NSC,HOSE
VMC,HNX
CMC,HNX
EBS,HNX
SCC,UPCOM
VNC,HNX
SD5,HNX
VTA,UPCOM
VFR,UPCOM
SJ1,HNX
SGD,HNX
TL4,UPCOM
MAS,HNX
RCL,HNX
WCS,HNX
C36,UPCOM
HGW,UPCOM
TTF,HOSE
IDC,HNX
TNG,HNX
TDS,UPCOM
TST,HNX
KMR,HOSE
HSI,UPCOM
S96,UPCOM
HEC,UPCOM
SJM,UPCOM
QNC,UPCOM
VC6,HNX
SPC,UPCOM
SBT,HOSE
NVB,HNX
BLF,HNX
DC4,HOSE
VE1,HNX
THB,HNX
CAD,UPCOM
WTC,UPCOM
V11,UPCOM
ECI,HNX
DZM,HNX
DCR,UPCOM
EID,HNX
VNT,HNX
HLG,UPCOM
MCG,HOSE
EFI,UPCOM
PHC,HOSE
TH1,UPCOM
MHL,HNX
VIG,HNX
TIG,HNX
VFG,HOSE
FDC,HOSE
CMG,HOSE
TBT,UPCOM
PTH,UPCOM
PPI,UPCOM
DAG,HOSE
SSF,UPCOM
PSL,UPCOM
LCS,HNX
VE3,HNX
VHH,UPCOM
PRC,HNX
VCT,UPCOM
BIC,HOSE
VTX,UPCOM
VMD,HOSE
KTB,UPCOM
LCD,HNX
CMS,HNX
VKC,HNX
EVE,HOSE
PCE,HNX
MTH,UPCOM
DNM,HNX
CCL,HOSE
C47,HOSE
CI5,UPCOM
STT,UPCOM
TCK,UPCOM
MEF,UPCOM
VPB,HOSE
DCI,UPCOM
SHA,HOSE
DHP,HNX
KSQ,HNX
HTG,UPCOM
DP3,HNX
TNS,UPCOM
TTN,UPCOM
MWG,HOSE
DSG,UPCOM
KLM,UPCOM
AMD,HOSE
DAS,UPCOM
GSM,UPCOM
FID,HNX
HVA,UPCOM
C71,UPCOM
LDG,HOSE
SDX,UPCOM
HHV,UPCOM
BTU,UPCOM
TNI,HOSE
ILS,UPCOM
KGM,UPCOM
HUX,UPCOM
NBT,UPCOM
CTW,UPCOM
HID,HOSE
SHX,UPCOM
TAW,UPCOM
DDH,UPCOM
BSD,UPCOM
TCH,HOSE
SP2,UPCOM
CQT,UPCOM
DOC,UPCOM
HTW,UPCOM
QNW,UPCOM
NUE,UPCOM
HTT,UPCOM
BSQ,UPCOM
SZC,HOSE
HCS,UPCOM
MPY,UPCOM
SAL,UPCOM
BLT,UPCOM
CBS,UPCOM
NHT,UPCOM
PWS,UPCOM
VLP,UPCOM
VAV,UPCOM
LNC,UPCOM
AAV,HNX
TDB,UPCOM
NTF,UPCOM
NAW,UPCOM
SVL,UPCOM
HNA,UPCOM
POB,UPCOM
HC1,UPCOM
BTN,UPCOM
HAV,UPCOM
KOS,HOSE
SKV,UPCOM
HUB,HOSE
BQB,UPCOM
HBW,UPCOM
VGR,UPCOM
TOW,UPCOM
VHM,HOSE
HTK,UPCOM
CEN,UPCOM
MQN,UPCOM
STW,UPCOM
YBM,HOSE
MSH,HOSE
HVH,HOSE
FOC,UPCOM
VHE,HNX
SHE,HNX
NTH,HNX
SOV,UPCOM
BXT,UPCOM
CPW,UPCOM
HSP,UPCOM
THD,HNX
STH,UPCOM
SCA,UPCOM
CTS,HOSE
BBC,HOSE
SFC,HOSE
FIC,UPCOM
MHC,HOSE
GEG,HOSE
SHC,UPCOM
BVH,HOSE
PTI,HNX
PVD,HOSE
HOM,HNX
GIL,HOSE
VSH,HOSE
QNS,UPCOM
VNM,HOSE
PNJ,HOSE
VCB,HOSE
CAV,HOSE
SGC,HNX
VNA,UPCOM
CLW,HOSE
VNE,HOSE
HLY,HNX
SDA,HNX
BMC,HOSE
DIC,UPCOM
HBD,UPCOM
SFI,HOSE
NOS,UPCOM
RIC,HOSE
LHC,HNX
TV1,UPCOM
QHW,UPCOM
SD2,HNX
GVT,UPCOM
HDC,HOSE
CDC,HOSE
VND,HOSE
MDC,HNX
HLC,HNX
SRF,HOSE
HEV,HNX
VC3,HNX
VHC,HOSE
DAP,UPCOM
VHG,UPCOM
VSI,HOSE
PDN,HOSE
DQC,HOSE
HBE,HNX
DBC,HOSE
KLB,UPCOM
L62,HNX
APS,HNX
STL,UPCOM
PPH,UPCOM
SEB,HNX
EVF,UPCOM
ICG,HNX
VNF,HNX
ATA,UPCOM
VMG,UPCOM
GGG,UPCOM
GLT,HNX
TKC,HNX
DBM,UPCOM
DNC,HNX
L44,UPCOM
MAC,HNX
DGT,UPCOM
SNC,UPCOM
TLH,HOSE
NT2,HOSE
HFC,UPCOM
SDB,UPCOM
DLG,HOSE
BTG,UPCOM
OGC,HOSE
TET,HNX
DPP,UPCOM
HPB,UPCOM
AME,HNX
PXS,HOSE
CLG,HOSE
CVN,HNX
DNH,UPCOM
SFG,HOSE
SWC,UPCOM
PVV,UPCOM
ALV,UPCOM
PEC,UPCOM
APP,HNX
ARM,HNX
DSN,HOSE
HQC,HOSE
KTT,HNX
KST,HNX
FSO,UPCOM
VCA,UPCOM
PXA,UPCOM
HU3,HOSE
HNE,UPCOM
ISG,UPCOM
IVS,HNX
HEM,UPCOM
CNG,HOSE
KHL,UPCOM
HHS,HOSE
DHM,HOSE
VE8,HNX
VE4,HNX
BVB,UPCOM
BCG,HOSE
HLD,HNX
NDX,HNX
THS,HNX
PDV,UPCOM
HC3,UPCOM
DLT,UPCOM
BTD,UPCOM
SGR,HOSE
DHD,UPCOM
HU6,UPCOM
KCB,UPCOM
XPH,UPCOM
PEN,HNX
MH3,UPCOM
VTJ,HNX
CDO,UPCOM
KVC,HNX
XMD,UPCOM
CKD,UPCOM
TA9,HNX
DGW,HOSE
MCI,UPCOM
HNF,UPCOM
MBG,HNX
VTM,UPCOM
SGN,HOSE
KPF,HOSE
CXH,UPCOM
HPX,HOSE
TVW,UPCOM
XLV,UPCOM
TTL,HNX
CPH,UPCOM
VTE,UPCOM
GLW,UPCOM
RAT,UPCOM
SPB,UPCOM
NBR,UPCOM
DTK,UPCOM
L45,UPCOM
RTS,UPCOM
HWS,UPCOM
LIC,UPCOM
RTB,UPCOM
TVT,HOSE
NS3,UPCOM
TB8,UPCOM
L12,UPCOM
PKR,UPCOM
KHW,UPCOM
RHN,UPCOM
CQN,UPCOM
DRI,UPCOM
PTO,UPCOM
YTC,UPCOM
DAR,UPCOM
T12,UPCOM
APH,HOSE
NBE,UPCOM
HAF,UPCOM
JOS,UPCOM
NED,UPCOM
DP1,UPCOM
VRE,HOSE
PMW,UPCOM
BPW,UPCOM
KHS,HNX
DTI,UPCOM
C22,UPCOM
TDT,HNX
HNR,UPCOM
BLW,UPCOM
VDB,UPCOM
MDN,UPCOM
TTE,HOSE
TN1,HOSE
BMG,UPCOM
PGN,HNX
GLC,UPCOM
SIG,UPCOM
IBD,UPCOM
CFV,UPCOM
DKH,UPCOM
DKC,UPCOM
MA1,UPCOM
AGF,UPCOM
TNC,HOSE
HAS,HOSE
BT6,UPCOM
PPC,HOSE
KHP,HOSE
HVX,HOSE
DCT,UPCOM
SJS,HOSE
TNA,HOSE
BLI,UPCOM
SGS,UPCOM
MBS,HNX
STB,HOSE
BRR,UPCOM
VFC,UPCOM
TS4,HOSE
VIN,UPCOM
GMD,HOSE
UNI,HNX
HT1,HOSE
SVC,HOSE
FPT,HOSE
MKP,UPCOM
DMC,HOSE
MVN,UPCOM
STP,HNX
VEC,UPCOM
MNB,UPCOM
DTV,UPCOM
LGM,UPCOM
TCM,HOSE
KSB,HOSE
CMN,UPCOM
KMT,HNX
BMS,UPCOM
FOX,UPCOM
PTS,HNX
SJE,HNX
TPH,HNX
DPG,HOSE
TCT,HOSE
DTC,UPCOM
HJS,HNX
S55,HNX
DNP,HNX
DTT,HOSE
VID,HOSE
TMC,HNX
HRC,HOSE
SD7,UPCOM
DCL,HOSE
SD4,HNX
NST,HNX
HTM,UPCOM
DND,UPCOM
TMP,HOSE
HSA,UPCOM
TMW,UPCOM
BWA,UPCOM
DPH,UPCOM
SBL,UPCOM
CET,HNX
DBD,HOSE
LCG,HOSE
L61,HNX
AGM,HOSE
SC5,HOSE
VGT,UPCOM
PSI,HNX
DBT,HOSE
ASM,HOSE
VCS,HNX
LUT,HNX
DSC,UPCOM
GEX,HOSE
VC5,UPCOM
ACS,UPCOM
APG,HOSE
HAG,HOSE
TBX,HNX
BMJ,UPCOM
SRC,HOSE
SDP,UPCOM
S74,HNX
SED,HNX
IDJ,HNX
IDV,HNX
HDO,UPCOM
GTH,UPCOM
GDT,HOSE
ITD,HOSE
TIE,UPCOM
SHI,HOSE
POW,HOSE
PHH,UPCOM
CTI,HOSE
POM,HOSE
LIG,HNX
QHD,HNX
SPM,HOSE
KHB,UPCOM
HPT,UPCOM
STK,HOSE
GTT,UPCOM
VIR,UPCOM
LDP,HNX
HHG,HNX
WSB,UPCOM
NQB,UPCOM
APT,UPCOM
VTP,UPCOM
NET,HNX
S27,UPCOM
HAT,HNX
OCH,HNX
LM7,HNX
DSP,UPCOM
ADC,HNX
KTS,HNX
D11,HNX
PSG,UPCOM
DIH,HNX
GHC,UPCOM
JVC,HOSE
PTB,HOSE
INC,HNX
FLC,HOSE
C21,UPCOM
SII,HOSE
PEG,UPCOM
KLF,HNX
CLL,HOSE
SID,UPCOM
EIC,UPCOM
AC4,UPCOM
CAT,UPCOM
RCD,UPCOM
CNC,UPCOM
SCI,HNX
HJC,UPCOM
CPI,UPCOM
TVP,UPCOM
ITS,UPCOM
BAL,UPCOM
PSW,HNX
VNY,UPCOM
ASD,UPCOM
TVS,HOSE
PBP,HNX
NTC,UPCOM
NHP,HNX
VTK,UPCOM
HPD,UPCOM
UPC,UPCOM
LAI,UPCOM
BFC,HOSE
AGP,UPCOM
NAF,HOSE
NAP,HNX
KSV,UPCOM
TEG,HOSE
VPA,UPCOM
SRT,UPCOM
HND,UPCOM
THW,UPCOM
VLW,UPCOM
VIF,HNX
PYU,UPCOM
VOC,UPCOM
HD2,UPCOM
VGV,UPCOM
BSR,UPCOM
TTS,UPCOM
VTR,UPCOM
ADS,HOSE
DT4,UPCOM
CTP,HNX
NLS,UPCOM
BDT,UPCOM
BLN,UPCOM
TQW,UPCOM
L63,UPCOM
NNB,UPCOM
IBC,HOSE
POS,UPCOM
DSV,UPCOM
ART,HNX
CBC,UPCOM
HKT,HNX
SB1,UPCOM
C12,UPCOM
PIA,HNX
BTV,UPCOM
MC3,UPCOM
THR,UPCOM
TLP,UPCOM
PCF,UPCOM
DHB,UPCOM
THU,UPCOM
CTF,HOSE
EMS,UPCOM
CAG,HNX
CRC,HOSE
BHA,UPCOM
HPU,UPCOM
CBI,UPCOM
SCY,UPCOM
TS3,UPCOM
HAB,UPCOM
VXP,UPCOM
HNI,UPCOM
VET,UPCOM
FHN,UPCOM
HFS,UPCOM
AST,HOSE
BBM,UPCOM
HSL,HOSE
VDM,UPCOM
BKH,UPCOM
NQN,UPCOM
EPC,UPCOM
PBT,UPCOM
TVH,UPCOM
TDP,HOSE
UDL,UPCOM
CT5,UPCOM
AAS,UPCOM
PNP,UPCOM
TAN,UPCOM
NDW,UPCOM
HLT,UPCOM
MML,UPCOM
DRG,UPCOM
GTK,UPCOM
GQN,UPCOM
VXT,UPCOM
MCC,HNX
PNC,HOSE
HHC,HNX
BPC,HNX
ILC,UPCOM
SJG,UPCOM
CC1,UPCOM
TTP,UPCOM
HAP,HOSE
PGI,HOSE
ACB,HNX
CCM,UPCOM
SSC,HOSE
IFS,UPCOM
AMP,UPCOM
STG,HOSE
SSN,UPCOM
GDW,HNX
VDL,HNX
SD9,HNX
PVC,HNX
TRC,HOSE
IME,UPCOM
VC2,HNX
VTV,HNX
MCO,HNX
PJC,HNX
SDC,HNX
STC,HNX
IKH,UPCOM
HLA,UPCOM
DNS,UPCOM
BTP,HOSE
ACL,HOSE
IJC,HOSE
ANV,HOSE
BTW,HNX
FTM,HOSE
FRC,UPCOM
CHS,UPCOM
UIC,HOSE
HCT,HNX
TPC,HOSE
HCC,HNX
SDJ,UPCOM
KBC,HOSE
VSC,HOSE
PVE,UPCOM
SDD,UPCOM
CAP,HNX
NGC,HNX
NHH,HOSE
FTS,HOSE
VE9,UPCOM
PTV,UPCOM
HUT,HNX
YBC,UPCOM
VNS,HOSE
SPV,UPCOM
MTA,UPCOM
KSH,UPCOM
BHC,UPCOM
TGP,UPCOM
DHC,HOSE
VRG,UPCOM
AAM,HOSE
DAD,HNX
BED,HNX
VIT,HNX
DVP,HOSE
PTG,UPCOM
HGM,HNX
UDJ,UPCOM
PGT,HNX
AMV,HNX
INN,HNX
APC,HOSE
TLG,HOSE
KBE,UPCOM
SDE,UPCOM
DRH,HOSE
NTB,UPCOM
LCC,UPCOM
PXI,HOSE
VXB,HNX
HTC,HNX
PHS,UPCOM
PVR,UPCOM
NNC,HOSE
VE2,HNX
PDR,HOSE
CKG,HOSE
PCT,HNX
PIV,UPCOM
HCI,UPCOM
SCL,UPCOM
SCO,UPCOM
PFL,UPCOM
PTL,HOSE
LM8,HOSE
TIS,UPCOM
NKG,HOSE
CIG,HOSE
L14,HNX
MBB,HOSE
VCX,UPCOM
STV,UPCOM
MED,HNX
LMC,UPCOM
FCN,HOSE
BHP,UPCOM
FCM,HOSE
PSD,HNX
HNG,HOSE
CH5,UPCOM
CCH,UPCOM
IFC,UPCOM
PIC,HNX
VCW,UPCOM
HPI,UPCOM
CMK,UPCOM
CDG,UPCOM
CLM,HNX
MVY,UPCOM
BII,HNX
PVH,UPCOM
NMK,UPCOM
SGO,UPCOM
TTB,HOSE
MPT,HNX
ACV,UPCOM
HIZ,UPCOM
MFS,UPCOM
HKP,UPCOM
ACM,HNX
PMP,HNX
NDP,UPCOM
VEF,UPCOM
CMP,UPCOM
KDM,HNX
TID,UPCOM
VPD,HOSE
MST,HNX
FCC,UPCOM
FRT,HOSE
HNP,UPCOM
HPW,UPCOM
NVL,HOSE
UPH,UPCOM
FCS,UPCOM
DNR,UPCOM
YRC,UPCOM
GTS,UPCOM
RLC,UPCOM
NVP,UPCOM
SSU,UPCOM
CCV,UPCOM
BTB,UPCOM
HHR,UPCOM
DTG,UPCOM
MTS,UPCOM
QLT,UPCOM
DNE,UPCOM
CCT,UPCOM
HEJ,UPCOM
CPA,UPCOM
TDG,HOSE
DSS,UPCOM
HD6,UPCOM
NHV,UPCOM
TCD,HOSE
TNW,UPCOM
HTE,UPCOM
DNN,UPCOM
SKH,UPCOM
HDW,UPCOM
TS5,UPCOM
HEP,UPCOM
TLD,HOSE
BGW,UPCOM
SVH,UPCOM
BUD,UPCOM
MDA,UPCOM
BMF,UPCOM
LMH,UPCOM
YEG,HOSE
BSH,UPCOM
FGL,UPCOM
A32,UPCOM
DDG,HNX
TLI,UPCOM
USD,UPCOM
DCG,UPCOM
NSL,UPCOM
DUS,UPCOM
SZB,HNX
VW3,UPCOM
GAB,HOSE
E29,UPCOM
TR1,UPCOM
MDT,UPCOM
HGC,UPCOM
PSH,HOSE
SGH,HNX
REE,HOSE
PLX,HOSE
HPG,HOSE
TAC,HOSE
TYA,HOSE
PVS,HNX
BCC,HNX
CTG,HOSE
TTC,HNX
VIP,HOSE
PAC,HOSE
VSA,HNX
SHB,HNX
BVS,HNX
HNB,UPCOM
ITA,HOSE
SVI,HOSE
OPC,HOSE
BHV,UPCOM
SPH,UPCOM
TDN,HNX
TDW,HOSE
PJS,UPCOM
HOT,HOSE
ICC,UPCOM
D2D,HOSE
DDN,UPCOM
TLT,UPCOM
TCI,UPCOM
PAN,HOSE
VIS,HOSE
HAX,HOSE
MPC,UPCOM
TCO,HOSE
NBC,HNX
PSC,HNX
LGC,HOSE
SFN,HNX
SJD,HOSE
HDM,UPCOM
BVN,UPCOM
GTA,HOSE
FDG,UPCOM
CTD,HOSE
X26,UPCOM
VKD,UPCOM
CNN,UPCOM
LM3,UPCOM
PAI,UPCOM
HCB,UPCOM
VNP,UPCOM
C92,HNX
GVR,HOSE
DCS,UPCOM
MIC,UPCOM
ORS,UPCOM
SGT,HOSE
BHN,HOSE
X20,HNX
PVX,UPCOM
ONE,HNX
TV4,HNX
CNT,UPCOM
QCG,HOSE
DHT,HNX
BST,HNX
CFC,UPCOM
PPP,HNX
SHS,HNX
VPC,UPCOM
TMX,HNX
ACE,UPCOM
PTP,UPCOM
VNX,UPCOM
BDB,HNX
TAG,UPCOM
HDG,HOSE
TVN,UPCOM
VES,UPCOM
NVT,HOSE
DLR,UPCOM
VCR,UPCOM
IN4,UPCOM
HU1,HOSE
SBA,HOSE
PXM,UPCOM
LDW,UPCOM
VDN,UPCOM
DTA,HOSE
SMT,HNX
MIM,HNX
TNP,UPCOM
POV,UPCOM
PXL,UPCOM
VAT,HNX
PV2,HNX
PTD,HNX
TSB,HNX
BDC,UPCOM
DLD,UPCOM
FBA,UPCOM
SEP,UPCOM
SDV,UPCOM
ITQ,HNX
CDN,HNX
PSE,HNX
LKW,UPCOM
SNZ,UPCOM
E12,UPCOM
HU4,UPCOM
PTK,UPCOM
PDT,UPCOM
TVB,HOSE
TTZ,HNX
TIP,HOSE
DVC,UPCOM
PVB,HNX
TSJ,UPCOM
PXC,UPCOM
SKG,HOSE
DCF,UPCOM
BT1,UPCOM
KHD,UPCOM
PBC,UPCOM
PTE,UPCOM
TVM,UPCOM
VTH,HNX
EIN,UPCOM
DCM,HOSE
SMN,HNX
DPS,HNX
VMA,UPCOM
LAW,UPCOM
PIS,UPCOM
HPM,HNX
ATS,HNX
G36,UPCOM
KIP,UPCOM
QSP,UPCOM
MTL,UPCOM
NSG,UPCOM
ATG,HOSE
BIO,UPCOM
VGL,UPCOM
HCD,HOSE
VNB,UPCOM
AMS,UPCOM
BTR,UPCOM
ROS,HOSE
CDR,UPCOM
VLB,UPCOM
TTV,UPCOM
BMV,UPCOM
TTH,HNX
SAC,UPCOM
XHC,UPCOM
NTR,UPCOM
PC1,HOSE
PHN,HNX
LCW,UPCOM
NS2,UPCOM
GCB,UPCOM
PND,UPCOM
PWA,UPCOM
VIH,UPCOM
QNU,UPCOM
VSM,HNX
ATB,UPCOM
CCP,UPCOM
KDF,UPCOM
C69,HNX
CIP,UPCOM
TCJ,UPCOM
KSE,UPCOM
SJF,HOSE
TSD,UPCOM
CIA,HNX
MND,UPCOM
LTG,UPCOM
MGG,UPCOM
FBC,UPCOM
FTI,UPCOM
VPG,HOSE
VPW,UPCOM
DTD,HNX
LG9,UPCOM
TA6,UPCOM
ASG,HOSE
MBN,UPCOM
NAU,UPCOM
CDP,UPCOM
TGG,HOSE
SBH,UPCOM
DTP,UPCOM
DWS,UPCOM
C4G,UPCOM
BOT,UPCOM
DNB,UPCOM
GIC,HNX
TDF,UPCOM
NNQ,UPCOM
ADG,UPCOM
CCA,UPCOM
HAW,UPCOM
CID,UPCOM
LAF,HOSE
COM,HOSE
BSI,HOSE
DPC,HNX
HCM,HOSE
M10,UPCOM
ONW,UPCOM
BTS,HNX
BID,HOSE
SCD,HOSE
SSI,HOSE
VCC,HNX
CLC,HOSE
THT,HNX
SPD,UPCOM
VLF,UPCOM
VPS,HOSE
SPA,UPCOM
DXL,UPCOM
SDT,HNX
LTC,UPCOM
SAB,HOSE
CTN,UPCOM
POT,HNX
S99,HNX
AUM,UPCOM
PLC,HNX
SIC,HNX
HNM,UPCOM
HBC,HOSE
MCP,HOSE
TCR,HOSE
S12,UPCOM
PVT,HOSE
PVG,HNX
PHR,HOSE
VIM,UPCOM
BAX,HNX
CVT,HOSE
L10,HOSE
MRF,UPCOM
VMI,HNX
SBD,UPCOM
VST,UPCOM
SD1,UPCOM
NDT,UPCOM
TNB,UPCOM
CLH,HNX
ST8,HOSE
XMC,UPCOM
BTH,UPCOM
CHC,UPCOM
SBS,UPCOM
SRA,HNX
SCR,HOSE
DXV,HOSE
SRB,UPCOM
S4A,HOSE
L18,HNX
VKP,UPCOM
ITC,HOSE
KKC,HNX
MKV,HNX
VGS,HNX
VHL,HNX
PME,HOSE
PVA,UPCOM
BKC,HNX
VNI,UPCOM
DC2,HNX
LGL,HOSE
TV2,HOSE
CMI,UPCOM
CSC,HNX
TV3,HNX
SQC,UPCOM
VIX,HNX
IHK,UPCOM
CGV,UPCOM
CPC,HNX
TMT,HOSE
TTG,UPCOM
CMT,UPCOM
L35,HNX
VNH,UPCOM
TNT,HOSE
ICI,UPCOM
NHA,HNX
HBS,HNX
CTX,HNX
ANT,UPCOM
RCC,UPCOM
TFC,HNX
VAF,HOSE
SMB,HOSE
MTP,UPCOM
PMJ,UPCOM
CTA,UPCOM
BSC,HNX
MDG,HOSE
VDT,UPCOM
MDF,UPCOM
SVN,HNX
THG,HOSE
DNL,UPCOM
DRL,HOSE
PRT,UPCOM
EMC,HOSE
HAR,HOSE
TMG,UPCOM
KSK,UPCOM
NFC,HNX
CEC,UPCOM
QPH,UPCOM
DGC,HOSE
DOP,UPCOM
EAD,UPCOM
SIV,UPCOM
TQN,UPCOM
PEQ,UPCOM
TVC,HNX
VVN,UPCOM
CEO,HNX
QBS,HOSE
DAT,HOSE
BSP,UPCOM
HAH,HOSE
SHG,UPCOM
TW3,UPCOM
PPY,HNX
NWT,UPCOM
BMN,UPCOM
BDG,UPCOM
BWE,HOSE
VCE,UPCOM
TAP,UPCOM
HRT,UPCOM
VWS,UPCOM
TVU,UPCOM
PSN,UPCOM
MES,UPCOM
HHN,UPCOM
X77,UPCOM
EMG,UPCOM
TUG,UPCOM
VBG,UPCOM
CE1,UPCOM
TSG,UPCOM
LMI,UPCOM
THI,HOSE
LWS,UPCOM
CEE,HOSE
BSL,UPCOM
RGC,UPCOM
TCW,UPCOM
FRM,UPCOM
VHD,UPCOM
HII,HOSE
NSH,HNX
UMC,UPCOM
PLP,HOSE
SUM,UPCOM
QLD,UPCOM
HLE,UPCOM
ILA,UPCOM
BHK,UPCOM
NRC,HNX
S72,UPCOM
TA3,UPCOM
PTX,UPCOM
DX2,UPCOM
BHG,UPCOM
HHP,HNX
SBR,UPCOM
VSE,UPCOM
ILB,HOSE
TAR,HNX
SIP,UPCOM
CSI,UPCOM
HD8,UPCOM
ABS,HOSE
IPH,UPCOM
CAB,UPCOM
MEG,UPCOM
AGG,HOSE
QNT,UPCOM
HGR,UPCOM
CAN,HNX
GND,UPCOM
VSN,UPCOM
DHA,HOSE
SAV,HOSE
SEA,UPCOM
KTL,UPCOM
DIG,HOSE
VSP,UPCOM
VOS,HOSE
CYC,UPCOM
SDG,HNX
NLG,HOSE
BMI,HOSE
TTD,UPCOM
BBS,HNX
VTO,HOSE
ABC,UPCOM
MVC,UPCOM
PGC,HOSE
TMS,HOSE
MTG,UPCOM
TDH,HOSE
HTV,HOSE
VIB,HOSE
DVW,UPCOM
TKU,HNX
ICT,HOSE
DHG,HOSE
ALT,HNX
PTC,HOSE
TTT,HNX
CMF,UPCOM
PIT,HOSE
VTD,UPCOM
HMG,UPCOM
HAI,HOSE
CJC,HNX
HTP,HNX
SAP,UPCOM
SD3,UPCOM
LBM,HOSE
SAF,HNX
DAE,HNX
DRC,HOSE
SDN,HNX
SDU,HNX
AGR,HOSE
PGS,HNX
DNT,UPCOM
DDM,UPCOM
DPM,HOSE
SCJ,UPCOM
HGT,UPCOM
BWS,UPCOM
NBP,HNX
LO5,HNX
GER,UPCOM
CC4,UPCOM
FHS,UPCOM
PGD,HOSE
SJC,HNX
CMV,HOSE
NBB,HOSE
PDC,HNX
NDF,UPCOM
ISH,UPCOM
NTW,UPCOM
ASP,HOSE
KTC,UPCOM
B82,UPCOM
TVD,HNX
VBB,UPCOM
L43,HNX
SZL,HOSE
QTC,HNX
TPP,HNX
SPP,UPCOM
SSM,HNX
QST,HNX
HVT,HNX
VDS,HOSE
ABI,UPCOM
CLX,UPCOM
VPH,HOSE
SAS,UPCOM
NAG,HNX
VC9,HNX
HAD,HNX
SDH,UPCOM
API,HNX
MSN,HOSE
PSP,UPCOM
BXH,HNX
CT3,UPCOM
DID,UPCOM
WSS,HNX
VNG,HOSE
HMH,HNX
CKV,HNX
ADP,UPCOM
VBC,HNX
VCI,HOSE
DL1,HNX
NDC,UPCOM
BTT,HOSE
CT6,UPCOM
V21,HNX
KSD,HNX
VCM,HNX
CX8,HNX
AAA,HOSE
PMT,UPCOM
VLA,HNX
LAS,HNX
SDK,UPCOM
SMA,HOSE
KAC,UPCOM
STU,UPCOM
PX1,UPCOM
AVF,UPCOM
VTI,UPCOM
HDA,HNX
PCG,HNX
VIW,UPCOM
SSG,UPCOM
BHT,UPCOM
VCF,HOSE
KCE,UPCOM
H11,UPCOM
IDI,HOSE
PPE,HNX
GMX,HNX
LCM,HOSE
SVT,HOSE
BCM,HOSE
VGC,HOSE
HFX,UPCOM
SLS,HNX
PGV,UPCOM
SCS,HOSE
VGI,UPCOM
PDB,HNX
MIG,UPCOM
PNG,UPCOM
CTT,HNX
HBH,UPCOM
HMS,UPCOM
HES,UPCOM
TBD,UPCOM
CSV,HOSE
APF,UPCOM
MTM,UPCOM
TOP,UPCOM
AGX,UPCOM
PVO,UPCOM
VLG,UPCOM
BDW,UPCOM
PCN,UPCOM
DNW,UPCOM
RBC,UPCOM
TDM,HOSE
I10,UPCOM
SVG,UPCOM
SGP,UPCOM
NTT,UPCOM
MVB,HNX
NCP,UPCOM
MGC,UPCOM
BSG,UPCOM
VJC,HOSE
CDH,UPCOM
BEL,UPCOM
VEA,UPCOM
GTD,UPCOM
QBR,UPCOM
HNT,UPCOM
NQT,UPCOM
MLS,UPCOM
MCT,UPCOM
TVA,UPCOM
HDP,UPCOM
HFB,UPCOM
MTV,UPCOM
SBV,HOSE
CMW,UPCOM
MLC,UPCOM
BCF,HNX
TEL,UPCOM
EVG,HOSE
GKM,HNX
THN,UPCOM
HAM,UPCOM
PCM,UPCOM
MEL,HNX
SBM,UPCOM
FT1,UPCOM
ATD,UPCOM
HRB,UPCOM
IRC,UPCOM
VPI,HOSE
EPH,UPCOM
HPH,UPCOM
AG1,UPCOM
HTN,HOSE
DHN,UPCOM
EVS,HNX
CKA,UPCOM
SKN,UPCOM
BLU,UPCOM
PAS,UPCOM
AQN,UPCOM
DXD,UPCOM
PLO,UPCOM
TTA,HOSE
MHP,UPCOM